rating,comment
3,design does not hold up on rugged use and did not reduce fatique. 
5,"brightened my day. It was also promises to make shooting daytime and nighttime action simpler and professional-looking, providing the budding photographer with new and enticing reasons to hone their skills."
3,design does not hold up on rugged use and did not reduce fatique. 
4,"brightened my day. It was also promises to make shooting daytime and nighttime action simpler and professional-looking, providing the budding photographer with new and enticing reasons to hone their skills."
1,design does not hold up on rugged use and did not reduce fatique. 
4,"brightened my day. It was also promises to make shooting daytime and nighttime action simpler and professional-looking, providing the budding photographer with new and enticing reasons to hone their skills."
4,"brightened my day. It was also promises to make shooting daytime and nighttime action simpler and professional-looking, providing the budding photographer with new and enticing reasons to hone their skills."
5,"brightened my day. It was also promises to make shooting daytime and nighttime action simpler and professional-looking, providing the budding photographer with new and enticing reasons to hone their skills."
1,design does not hold up on rugged use and did not reduce fatique. 
2,design does not hold up on rugged use and did not reduce fatique. 
5,"brightened my day. It was also promises to make shooting daytime and nighttime action simpler and professional-looking, providing the budding photographer with new and enticing reasons to hone their skills."
4,"brightened my day. It was also promises to make shooting daytime and nighttime action simpler and professional-looking, providing the budding photographer with new and enticing reasons to hone their skills."
3,design does not hold up on rugged use and did not reduce fatique. 
5,"brightened my day. It was also promises to make shooting daytime and nighttime action simpler and professional-looking, providing the budding photographer with new and enticing reasons to hone their skills."
2,design does not hold up on rugged use and did not reduce fatique. 
5,"brightened my day. It was also promises to make shooting daytime and nighttime action simpler and professional-looking, providing the budding photographer with new and enticing reasons to hone their skills."
1,design does not hold up on rugged use and did not reduce fatique. 
2,design does not hold up on rugged use and did not reduce fatique. 
5,"brightened my day. It was also promises to make shooting daytime and nighttime action simpler and professional-looking, providing the budding photographer with new and enticing reasons to hone their skills."
5,"brightened my day. It was also promises to make shooting daytime and nighttime action simpler and professional-looking, providing the budding photographer with new and enticing reasons to hone their skills."
3,design does not hold up on rugged use and did not reduce fatique. 
1,design does not hold up on rugged use and did not reduce fatique. 
1,design does not hold up on rugged use and did not reduce fatique. 
3,design does not hold up on rugged use and did not reduce fatique. 
3,design does not hold up on rugged use and did not reduce fatique. 
5,"brightened my day. It was also promises to make shooting daytime and nighttime action simpler and professional-looking, providing the budding photographer with new and enticing reasons to hone their skills."
2,design does not hold up on rugged use and did not reduce fatique. 
2,design does not hold up on rugged use and did not reduce fatique. 
3,design does not hold up on rugged use and did not reduce fatique. 
3,design does not hold up on rugged use and did not reduce fatique. 
4,"brightened my day. It was also promises to make shooting daytime and nighttime action simpler and professional-looking, providing the budding photographer with new and enticing reasons to hone their skills."
5,"brightened my day. It was also promises to make shooting daytime and nighttime action simpler and professional-looking, providing the budding photographer with new and enticing reasons to hone their skills."
1,design does not hold up on rugged use and did not reduce fatique. 
2,design does not hold up on rugged use and did not reduce fatique. 
3,design does not hold up on rugged use and did not reduce fatique. 
5,"brightened my day. It was also promises to make shooting daytime and nighttime action simpler and professional-looking, providing the budding photographer with new and enticing reasons to hone their skills."
1,design does not hold up on rugged use and did not reduce fatique. 
1,design does not hold up on rugged use and did not reduce fatique. 
5,"brightened my day. It was also promises to make shooting daytime and nighttime action simpler and professional-looking, providing the budding photographer with new and enticing reasons to hone their skills."
1,design does not hold up on rugged use and did not reduce fatique. 
